gpt-3.5-turbo,gpt-4,llama-2-7b-chat.Q4_K_M.gguf,llama-2-13b-chat.Q4_K_M.gguf,,,,,,,,,,,,,,,
quarterly,quarterly.,"  According to the information provided in the context, the payment frequency is quarterly, with interest payments made on the following dates:
* April 18th
* July 18th
* October 18th
* January 18th

Therefore, the payment frequency is every 3 months.","  Based on the information provided in the context, the payment frequency is quarterly.",,,,,,,,,,,,,,,
quarterly.,quarterly.,"  According to the information provided in the context, the payment frequency is quarterly, with payments made on the following dates:
* April 18th
* July 18th
* October 18th
* January 18th

Therefore, the answer to the question or imperative after the context ends is: Quarterly.","  Based on the information provided in the context, the payment frequency is quarterly.",,,,,,,,,,,,,,,
The payment frequency is quarterly.,quarterly.,"  According to the information provided in the context, the payment frequency is quarterly, with payments made on the following dates:
* April 18th
* July 18th
* October 18th
* January 18th

Therefore, the answer to the question or imperative after the context ends is: Quarterly.","  Sure! Based on the information provided in the context, the payment frequency is quarterly.",,,,,,,,,,,,,,,
The payment frequency is quarterly.,quarterly.,"  According to the information provided in the context, the payment frequency is quarterly, with payments made on each 18th day of the months of April, July, October, and January. Therefore, the payment frequency is:
* April: 4 times a year (every 18 days)
* July: 4 times a year (every 18 days)
* October: 4 times a year (every 18 days)
* January: 4 times a year (every 18 days)
So, the payment frequency is quarterly, with payments made every 18 days in April, July, October, and January.","  Sure! Based on the information provided in the context, the payment frequency is quarterly.",,,,,,,,,,,,,,,
The payment frequency is quarterly.,quarterly.,"  According to the information provided in the context, the payment frequency is quarterly, with payments made on the following dates:
* April 18th
* July 18th
* October 18th
* January 18th

Therefore, the answer to the question or imperative after the context ends is: Quarterly.","  Sure! Based on the information provided in the context, the payment frequency is quarterly.",,,,,,,,,,,,,,,
quarterly.,quarterly.,"  According to the information provided in the context, the payment frequency is quarterly, with payments made on the following dates:
* April 18th
* July 18th
* October 18th
* January 18th

Therefore, the answer to the question or imperative after the context ends is: Quarterly.","  Sure! Based on the information provided in the context, the payment frequency is quarterly.",,,,,,,,,,,,,,,
quarterly,quarterly.,"  According to the information provided in the context, the payment frequency is quarterly, with payments made on the following dates:
* April 18th
* July 18th
* October 18th
* January 18th

Therefore, the answer to the question or imperative after the context ends is: Quarterly.","  Sure! Based on the information provided in the context, the payment frequency is quarterly.",,,,,,,,,,,,,,,
The payment frequency is quarterly.,quarterly.,"  According to the information provided in the context, the payment frequency is quarterly, with payments made on the following dates:
* April 18th
* July 18th
* October 18th
* January 18th

Therefore, the answer to the question or imperative after the context ends is: Quarterly.","  Sure! Based on the information provided in the context, the payment frequency is quarterly.",,,,,,,,,,,,,,,
The payment frequency is quarterly.,quarterly.,"  According to the information provided in the context, the payment frequency is quarterly, with payments made on the following dates:
* April 18th
* July 18th
* October 18th
* January 18th

Therefore, the payment frequency is every 3 months.","  Sure! Based on the information provided in the context, the payment frequency is quarterly.",,,,,,,,,,,,,,,
quarterly.,quarterly.,"  According to the information provided in the context, the payment frequency is quarterly, with payments made on the following dates:
* April 18th
* July 18th
* October 18th
* January 18th

Therefore, the answer to the question or imperative after the context ends is: Quarterly.","  Sure! Based on the information provided in the context, the payment frequency is quarterly.",,,,,,,,,,,,,,,
quarterly.,quarterly.,"  According to the information provided in the context, the payment frequency is quarterly, with payments made on the following dates:
* April 18th
* July 18th
* October 18th
* January 18th

Therefore, the answer to the question or imperative after the context ends is: Quarterly.","  Sure! Based on the information provided in the context, the payment frequency is quarterly.",,,,,,,,,,,,,,,
"The payment frequency, based on the information provided, is quarterly.",quarterly.,"  According to the information provided in the context, the payment frequency is quarterly, with interest payments made on the following dates:
* April 18th
* July 18th
* October 18th
* January 18th

Therefore, the payment frequency is once every 3 months (quarterly).","  Sure! Based on the information provided in the context, the payment frequency is quarterly.",,,,,,,,,,,,,,,
quarterly,quarterly.,"  According to the information provided in the context, the payment frequency is quarterly, specifically on the 18th day of each month of April, July, October, and January. Therefore, the payment frequency is:
* April 18th
* July 18th
* October 18th
* January 18th","  Sure! Based on the information provided in the context, the payment frequency is quarterly.",,,,,,,,,,,,,,,
quarterly,quarterly.,"  According to the information provided in the context, the payment frequency is quarterly, specifically on the 18th day of each month of April, July, October, and January. Therefore, the payment frequency is every 3 months.","  Sure! Based on the information provided in the context, the payment frequency is quarterly. The interest payments are scheduled to be made on the 18th day of each month, specifically:

* April 18
* July 18
* October 18
* January 18

This frequency is specified in the sentence ""Interest payments shall be made quarterly on each 18th day of the months of April, July, October and January, commencing October 18, 2023, and ending on the Maturity Date.""",,,,,,,,,,,,,,,
"The payment frequency, as stated in the document, is quarterly.",quarterly.,"  According to the information provided in the context, the payment frequency for the bond is quarterly, with payments made on each 18th day of the months of April, July, October, and January. Therefore, the payment frequency is every 3 months (quarterly).","  Sure! Based on the information provided in the context, the payment frequency is quarterly.",,,,,,,,,,,,,,,
quarterly,quarterly.,"  According to the information provided in the context, the payment frequency is quarterly, with payments made on the following dates:
* April 18th
* July 18th
* October 18th
* January 18th

Therefore, the answer to the question or imperative after the context ends is: Quarterly.","  Sure! Based on the information provided in the context, the payment frequency is quarterly.",,,,,,,,,,,,,,,
quarterly.,quarterly.,"  According to the information provided in the context, the payment frequency is quarterly, with payments made on the following dates:
* April 18th
* July 18th
* October 18th
* January 18th

So, the answer to the question or imperative after the context ends is: Quarterly.","  Sure! Based on the information provided in the context, the payment frequency is quarterly.",,,,,,,,,,,,,,,
quarterly.,quarterly.,"  According to the information provided in the context, the payment frequency is quarterly, with payments made on each 18th day of the months of April, July, October, and January. Therefore, the payment frequency is:
* April: 4 times a year (every 18 days)
* July: 4 times a year (every 18 days)
* October: 4 times a year (every 18 days)
* January: 4 times a year (every 18 days)
So, the payment frequency is quarterly, with payments made every 18 days in each of the four months.","  Sure! Based on the information provided in the context, the payment frequency is quarterly.",,,,,,,,,,,,,,,
quarterly.,quarterly.,"  According to the information provided in the context, the payment frequency is quarterly, with payments made on the following dates:
* April 18th
* July 18th
* October 18th
* January 18th

Therefore, the answer to the question or imperative after the context ends is: Quarterly.","  Sure! Based on the information provided in the context, the payment frequency is quarterly.",,,,,,,,,,,,,,,
quarterly.,quarterly.,"  Based on the information provided in the context, the payment frequency is quarterly, specifically on the 18th day of each month of April, July, October, and January. Therefore, the payment frequency is:
* April 18th
* July 18th
* October 18th
* January 18th","  Based on the information provided in the context, the payment frequency is quarterly.",,,,,,,,,,,,,,,
quarterly.,quarterly.,"  According to the information provided in the context, the payment frequency is quarterly, with payments made on each 18th day of the months of April, July, October, and January. Therefore, the payment frequency is:
* April 18th
* July 18th
* October 18th
* January 18th","  Sure! Based on the information provided in the context, the payment frequency is quarterly.",,,,,,,,,,,,,,,
quarterly.,quarterly.,"  According to the information provided in the context, the payment frequency is quarterly, with payments made on the following dates:
* April 18th
* July 18th
* October 18th
* January 18th

Therefore, the answer to the question or imperative after the context ends is: Quarterly.","  Sure! Based on the information provided in the context, the payment frequency is quarterly.",,,,,,,,,,,,,,,
quarterly.,quarterly.,"  According to the information provided in the context, the payment frequency for the bond is quarterly, specifically on the 18th day of each month of April, July, October, and January. Therefore, the payment frequency is every 3 months.","  Sure! Based on the information provided in the context, the payment frequency is quarterly.",,,,,,,,,,,,,,,
quarterly.,quarterly.,"  According to the information provided in the context, the payment frequency is quarterly, with interest payments made on the following dates:
* April 18th
* July 18th
* October 18th
* January 18th

Therefore, the payment frequency is once every 3 months.","  Sure! Based on the information provided in the context, the payment frequency is quarterly.",,,,,,,,,,,,,,,
quarterly.,quarterly.,"  According to the information provided in the context, the payment frequency is quarterly, with payments made on the following dates:
* April 18th
* July 18th
* October 18th
* January 18th

Therefore, the answer to the question or imperative after the context ends is: Quarterly.","  Sure! Based on the information provided in the context, the payment frequency is quarterly.",,,,,,,,,,,,,,,
