gpt-3.5-web,gpt-3.5-turbo,gpt-4-web,gpt-4,llama-2-7b-chat.Q4_K_M.gguf,llama-2-13b-chat.Q4_K_M.gguf,,,,,,,
"According to the information provided in the context, Sally has one sister.","According to the information provided, Sally has two sisters.","According to the information provided in the context:

""Sally has three brothers. Each of Sally's brothers has two sisters.""

Since each of Sally's brothers has two sisters, Sally is one of those sisters. Therefore, the other sister must be the same for all three brothers. Hence, Sally has only one sister.",Sally has two sisters.,"  Based on the information provided in the context, Sally has 3 brothers. Each of her brothers has 2 sisters, so the total number of sisters is 3 x 2 = 6. Therefore, Sally has 6 sisters.","  Based on the information provided in the context, Sally has two sisters.",,,,,,,
"According to the information provided in the context, Sally has two sisters. The statement ""Each of Sally's brothers has two sisters"" implies that Sally is one of the two sisters, and the other sister is not explicitly named but can be inferred to be Sally's sibling.","According to the information provided, Sally has two sisters.","From the information provided:

""Sally has three brothers.""

""Each of Sally's brothers has two sisters.""

Given that each of Sally's brothers has two sisters, and we know one of those sisters is Sally herself, the other sister would be the same for all three brothers. Therefore, Sally has only one other sister.",Sally has two sisters.,"  Based on the information provided in the context, Sally has 3 brothers, and each of her brothers has 2 sisters. Therefore, the total number of sisters Sally has is 3 x 2 = 6 sisters.","  Based on the information provided in the context, Sally has two sisters.",,,,,,,
"According to the information provided in the context, Sally has two sisters.",Sally has two sisters.,"Based on the information provided:

""Sally has three brothers. Each of Sally's brothers has two sisters.""

The fact that each of Sally's brothers has two sisters means that Sally is one of the sisters and she must have one other sister. 

So, Sally has 1 sister.",Sally has two sisters.,"  Based on the information provided in the context, Sally has 3 brothers, and each of her brothers has 2 sisters. Therefore, the total number of sisters Sally has is 3 x 2 = 6 sisters.","  Based on the information provided in the context, Sally has 2 sisters.",,,,,,,
"According to the information provided in the context, Sally has two sisters.","According to the information provided, Sally has two sisters.","Let's break down the information given:

""Sally has three brothers."" 
So, there are a total of 4 siblings including Sally (Sally + 3 brothers).

""Each of Sally's brothers has two sisters.""
Since the only girl mentioned among the siblings is Sally, the second sister they are referring to must also be Sally's sister.

Therefore, Sally has 1 sister.",Two,"  Based on the information provided in the context, Sally has 3 brothers, and each of her brothers has 2 sisters. Therefore, the total number of sisters Sally has is 3 x 2 = 6 sisters.","  Based on the information provided in the context, Sally has 2 sisters.",,,,,,,
"Based on the information provided in the context, Sally has two sisters. The statement ""Each of Sally's brothers has two sisters"" implies that one of those sisters is Sally herself, and the other sister is not explicitly named but is implied to be another sister of Sally.",Sally has two sisters.,"According to the information provided:

""Sally has three brothers. Each of Sally's brothers has two sisters.""

Considering that Sally's brothers have two sisters, one of those sisters is Sally herself. The information does not specify who the other sister is, but since each brother has the same two sisters, Sally has only one other sister.

Therefore, Sally has 1 sister.",Sally has no sisters.,"  Based on the information provided in the context, Sally has 3 brothers. Each of her brothers has 2 sisters, so the total number of sisters is 3 x 2 = 6. Therefore, Sally has 6 sisters.","  Based on the information provided in the context, Sally has two sisters.",,,,,,,
"Based on the information provided in the context, Sally has two sisters.","According to the information provided, Sally has two sisters.","According to the information provided in the context:

""Sally has three brothers. Each of Sally's brothers has two sisters.""

Since each of Sally's brothers has two sisters, Sally is one of those sisters. So, the other sister is the second sister for each of Sally's brothers. Therefore, Sally has 1 sister.","Based on the information provided, Sally has 2 sisters.","  Based on the information provided in the context, Sally has 3 sisters.
Here's how we can calculate it:
1. Each of Sally's brothers has 2 sisters, so Sally's brothers have a total of 2 x 3 = 6 sisters.
2. Since Sally has 3 brothers, Sally has 3 x 6 = 18 sisters in total.
Therefore, Sally has 18 sisters.","  Based on the information provided in the context, Sally has two sisters.",,,,,,,
"According to the information provided in the context, Sally has two sisters. The statement ""Each of Sally's brothers has two sisters"" implies that Sally is one of those two sisters.",Sally has two sisters.,"According to the context:

""Sally has three brothers. Each of Sally's brothers has two sisters.""

Considering Sally is one of the sisters for each of her brothers, this means that besides Sally, there is one other sister. 

Therefore, Sally has 1 sister.",Sally has two sisters.,"  Based on the information provided in the context, Sally has 3 sisters.
Here's how we can calculate it:
1. Each of Sally's brothers has 2 sisters, so Sally's brothers have a total of 2 x 3 = 6 sisters.
2. Since each of Sally's brothers has 2 sisters, and there are 3 brothers, the total number of sisters for Sally is 3 x 6 = 18.
Therefore, Sally has 18 sisters.","  Based on the information provided in the context, Sally has 2 sisters.",,,,,,,
"According to the information provided in the context, Sally has two sisters.","According to the information given, Sally has two sisters. This can be concluded from the statement that each of Sally's brothers has two sisters, implying that Sally is one of the sisters.","Based on the information provided:

""Sally has three brothers.""

""Each of Sally's brothers has two sisters.""

This means Sally is one of the sisters for each of her brothers, and there is one more sister. 

So, Sally has 1 sister.",Sally has two sisters.,"  Based on the information provided in the context, Sally has 3 brothers, and each of her brothers has 2 sisters. Therefore, the total number of sisters Sally has is:
3 brothers x 2 sisters per brother = 6 sisters
So, Sally has 6 sisters in total.","  Based on the information provided in the context, Sally has two sisters.",,,,,,,
"Based on the information provided in the context, Sally has two sisters. The statement ""Each of Sally's brothers has two sisters"" implies that Sally is one of the two sisters mentioned, as she is a sibling of her brothers.","According to the information provided, Sally has two sisters.","According to the information provided in the context: 
""Sally has three brothers. Each of Sally's brothers has two sisters.""

The two sisters of each of Sally's brothers would be Sally herself and another sister. Thus, Sally has one sister.",Sally has two sisters.,"  Based on the information provided in the context, Sally has 3 brothers. Each of her brothers has 2 sisters, so the total number of sisters is 3 x 2 = 6. Therefore, Sally has 6 sisters.","  Based on the information provided in the context, Sally has two sisters.",,,,,,,
"According to the information provided in the context, Sally has two sisters.","According to the information provided, Sally has two sisters.","Given the context: 

""Sally has three brothers. Each of Sally's brothers has two sisters.""

From the first sentence, we know that Sally has three brothers. 

From the second sentence, we know that each of Sally's brothers has two sisters. One of those sisters is Sally herself, so there must be another sister.

Thus, Sally has 1 other sister.",Sally has two sisters.,"  Based on the information provided in the context, Sally has 3 brothers, and each of her brothers has 2 sisters. Therefore, the total number of sisters Sally has is:
3 brothers x 2 sisters per brother = 6 sisters
So, Sally has 6 sisters in total.","  Based on the information provided in the context, Sally has two sisters.",,,,,,,
"According to the information provided in the context, Sally has two sisters.",Sally has two sisters.,"Based on the information provided:

""Sally has three brothers.""

""Each of Sally's brothers has two sisters.""

Considering Sally's brothers, each having two sisters means those two sisters are Sally and another girl. Therefore, Sally has 1 sister.",Sally has two sisters.,"  Based on the information provided in the context, Sally has 3 brothers, and each of her brothers has 2 sisters. Therefore, the total number of sisters Sally has is 3 x 2 = 6 sisters.","  Based on the information provided in the context, Sally has 2 sisters.",,,,,,,
"Based on the information provided in the context, Sally has two sisters.","According to the information provided, Sally has two sisters.","Given the context:

""Sally has three brothers. Each of Sally's brothers has two sisters.""

The two sisters referred to for each of Sally's brothers must be Sally herself and another sister. This means Sally has one sister.",Sally has two sisters.,"  Based on the information provided in the context, Sally has 3 brothers, and each of her brothers has 2 sisters. Therefore, the total number of sisters Sally has is 3 x 2 = 6 sisters.","  Based on the information provided in the context, Sally has 2 sisters.",,,,,,,
"Based on the information provided in the context, Sally has two sisters.","According to the information provided, Sally has two sisters.","From the context:

""Sally has three brothers.""

This indicates Sally is one of the siblings.

""Each of Sally's brothers has two sisters.""

This means each brother has Sally as a sister and one other sister. Therefore, Sally has one sister.","Based on the information provided, Sally has two sisters.","  Based on the information provided in the context, Sally has 3 brothers, and each of her brothers has 2 sisters. Therefore, the total number of sisters Sally has is:
3 brothers x 2 sisters per brother = 6 sisters
So, Sally has 6 sisters in total.","  Based on the information provided in the context, Sally has 2 sisters.",,,,,,,
"Based on the information provided in the context, Sally has two sisters. The context mentions that Sally has three brothers, and each of her brothers has two sisters, which includes Sally herself.","According to the information given, Sally has two sisters.","Based on the information provided:

""Sally has three brothers."" 
This means Sally is one of the sisters. 

""Each of Sally's brothers has two sisters.""
This means, in addition to Sally, there is one more sister.

Therefore, Sally has 1 sister.",Sally has two sisters.,"  Based on the information provided in the context, Sally has 3 brothers, and each of her brothers has 2 sisters. Therefore, the total number of sisters Sally has is:
3 brothers x 2 sisters per brother = 6 sisters
So, Sally has 6 sisters in total.","  Based on the information provided in the context, Sally has 2 sisters.",,,,,,,
"According to the information provided in the context, Sally has one sister. The context states, ""Each of Sally's brothers has two sisters,"" which includes Sally as one of the sisters.","According to the information in the document, Sally has two sisters.","Let's break it down step by step:

1. Sally has three brothers.

2. Each of Sally's brothers has two sisters.

Given the information, one of the sisters is Sally herself. Since all three brothers have the same two sisters, there is only one other sister besides Sally.

So, Sally has 1 sister.",Sally has two sisters.,"  Based on the information provided in the context, Sally has 3 brothers, and each of her brothers has 2 sisters. Therefore, the total number of sisters Sally has is 3 x 2 = 6 sisters.","  Based on the information provided in the context, Sally has 2 sisters.",,,,,,,
"According to the information provided in the context, Sally has two sisters. The statement ""Each of Sally's brothers has two sisters"" implies that Sally is one of those sisters, and there is one more sister in addition to her.","According to the information given in the context, Sally has two sisters.","Based on the information provided:

""Sally has three brothers."" 

""Each of Sally's brothers has two sisters.""

Since each of Sally's brothers has two sisters, and one of those sisters is Sally herself, the other sister must be a second sister for each of Sally's brothers. Therefore, Sally has one other sister.","Based on the information provided in the context, Sally has two sisters.","  Based on the information provided in the context, Sally has 3 sisters.
Here's how we can deduce that:
1. Each of Sally's brothers has 2 sisters, so Sally's brothers have a total of 2 x 3 = 6 sisters.
2. Since each of Sally's brothers has 2 sisters, and there are 3 brothers, Sally has a total of 3 x 2 = 6 sisters as well.
Therefore, Sally has 6 sisters in total.","  Based on the information provided in the context, Sally has 2 sisters.",,,,,,,
"According to the information provided in the context, Sally has two sisters. This is indicated by the statement: ""Each of Sally's brothers has two sisters,"" which includes Sally as one of the two sisters.",Sally has two sisters.,"According to the information provided:

""Sally has three brothers.""

""Each of Sally's brothers has two sisters.""

Given that each of Sally's brothers has two sisters, and Sally is one of them, the other sister is the same for all three brothers. 

Thus, Sally has 1 sister.",Sally has two sisters.,"  Based on the information provided in the context, Sally has 3 brothers, and each of her brothers has 2 sisters. Therefore, the total number of sisters Sally has is 3 x 2 = 6 sisters.","  Based on the information provided in the context, Sally has 2 sisters.",,,,,,,
"According to the information provided in the context, Sally has one sister. The context states, ""Each of Sally's brothers has two sisters,"" which means that one of those sisters is Sally herself.","According to the information in the context, Sally has two sisters.","From the context:

""Sally has three brothers."" - This gives us information about Sally's brothers.

""Each of Sally's brothers has two sisters."" - This tells us that each of Sally's brothers has 2 sisters.

Given this information, one of those sisters is Sally herself. For each brother to have two sisters, there needs to be another sister apart from Sally. 

So, Sally has 1 sister.",Sally has two sisters.,"  Based on the information provided in the context, Sally has 3 sisters.
Here's how we can deduce this:
1. Each of Sally's brothers has 2 sisters, so there are 2 sisters for each brother.
2. Sally has 3 brothers, so there are 3 x 2 = 6 sisters in total.
Therefore, Sally has 6 sisters.","  Based on the information provided in the context, Sally has 2 sisters.",,,,,,,
"According to the information provided in the context, Sally has two sisters.","According to the information provided, Sally has two sisters.","According to the information provided in the context:

""Sally has three brothers. Each of Sally's brothers has two sisters.""

Since each of Sally's brothers has two sisters, and Sally is one of those sisters, this means Sally has only one other sister. So, Sally has 1 sister.",Sally has two sisters.,"  Based on the information provided in the context, Sally has 3 brothers, and each of her brothers has 2 sisters. Therefore, the total number of sisters Sally has is 3 x 2 = 6 sisters.","  Based on the information provided in the context, Sally has 2 sisters.",,,,,,,
"According to the information provided in the context, Sally has **one** sister. The context states that each of Sally's three brothers has two sisters, which means Sally and one other sister (who is not explicitly named) make up the two sisters for each brother.",Sally has two sisters.,"According to the information provided in the context, we know that each of Sally's brothers has two sisters. Since Sally is one of the sisters mentioned in the context, this means Sally has one other sister. So, Sally has one sister.",Sally has two sisters.,"  Based on the information provided in the context, Sally has 3 brothers, and each of her brothers has 2 sisters. Therefore, the total number of sisters Sally has is:
3 brothers x 2 sisters per brother = 6 sisters
So, Sally has 6 sisters in total.","  Based on the information provided in the context, Sally has two sisters.",,,,,,,
"According to the information provided in the context, Sally has two sisters.",Sally has two sisters.,"According to the information provided in the context, Sally has no specified number of sisters. The context only mentions the number of brothers Sally has and the number of sisters Sally's brothers have. It is known that Sally is one of the two sisters her brothers have, but the identity of the other sister is not provided in the context. It might be Sally herself or another sister, hence we cannot determine the exact number of sisters Sally has from the provided information.",Sally has two sisters.,"  Based on the information provided in the context, Sally has 3 sisters.
Here's how we can calculate it:
1. Each of Sally's brothers has 2 sisters, so Sally's brothers have a total of 2 x 3 = 6 sisters.
2. Since Sally has 3 brothers, Sally has 3 x 6 = 18 sisters in total.
Therefore, Sally has 18 sisters.","  Based on the information provided in the context, Sally has 2 sisters.",,,,,,,
"According to the information provided in the context, Sally has two sisters.","According to the information provided, Sally has two sisters.","According to the information provided in the context, Sally has no known number of sisters; the number of sisters she has is not specified in the context. It only mentions the number of brothers she has and the number of sisters her brothers have. It is known that her brothers have two sisters, which means Sally is one of the two sisters, but we cannot determine who the other sister is based on the given information. It could be Sally has one sister, or she could potentially be the only sister (with ""herself"" being counted), but this isn't clear from the context alone.",Sally has two sisters.,"  Based on the information provided in the context, Sally has 3 brothers, and each of her brothers has 2 sisters. Therefore, the total number of sisters Sally has is 3 x 2 = 6 sisters.","  Based on the information provided in the context, Sally has 2 sisters.",,,,,,,
"According to the information provided in the context, Sally has two sisters. The context states that each of Sally's three brothers has two sisters, which means Sally is one of those two sisters.","According to the information provided, Sally has two sisters.","Given the context:

""Sally has three brothers. Each of Sally's brothers has two sisters.""

The two sisters referred to for each of Sally's brothers must be Sally herself and another sister. This means Sally has one sister.","According to the information provided within the context, Sally has two sisters.","  Based on the information provided in the context, Sally has 3 brothers, and each of her brothers has 2 sisters. Therefore, the total number of sisters Sally has is 3 x 2 = 6 sisters.","  Based on the information provided in the context, Sally has two sisters.",,,,,,,
"According to the information provided in the context, Sally has two sisters. The context mentions that each of Sally's three brothers has two sisters, which includes Sally herself, making a total of three sisters.",Sally has two sisters.,"According to the information provided:

""Sally has three brothers. Each of Sally's brothers has two sisters.""

Considering that Sally's brothers have two sisters, one of those sisters is Sally herself. The information does not specify who the other sister is, but since each brother has the same two sisters, Sally has only one other sister.

Therefore, Sally has 1 sister.",Sally has two sisters.,"  Based on the information provided in the context, Sally has 3 brothers, and each of her brothers has 2 sisters. Therefore, the total number of sisters Sally has is 3 x 2 = 6 sisters.","  Based on the information provided in the context, Sally has two sisters.",,,,,,,
"According to the information provided in the context, Sally has two sisters.","According to the information provided, Sally has two sisters.","Given the context:

""Sally has three brothers. Each of Sally's brothers has two sisters.""

The two sisters referred to for each of Sally's brothers must be Sally herself and another sister. This means Sally has one sister.",Sally has two sisters.,"  Based on the information provided in the context, Sally has 3 brothers. Each of her brothers has 2 sisters, so the total number of sisters is 3 x 2 = 6. Therefore, Sally has 6 sisters.","  Based on the information provided in the context, Sally has two sisters.",,,,,,,
